{"web":{"client_id":"829900425676-gkt9r9msgf010l755c7i3a6kmpt8cgkg.apps.googleusercontent.com","project_id":"restaurant-menu-app-200520","auth_uri":"https://accounts.google.com/o/oauth2/auth","token_uri":"https://accounts.google.com/o/oauth2/token","auth_provider_x509_cert_url":"https://www.googleapis.com/oauth2/v1/certs","client_secret":"jH5q80i_3gSshG5ofKk7YNo6", "redirect_uris": ["http://localhost:5000/login","http://localhost:5000/gconnect"], "javascript_origins":["http://localhost:5000"]}}
